{"cameraMode":{"drawMode":0,"name":"Shaded","section":"Shading Mode"},"sceneLighting":false,"audioPlay":false,"sceneViewState":{"showFog":true,"showMaterialUpdate":false,"showSkybox":false,"showFlares":true,"showImageEffects":true,"showParticleSystems":true,"showVisualEffectGraphs":true,"m_FxEnabled":true},"in2DMode":false,"pivot":{"x":0.21149477362632752,"y":0.04163606837391853,"z":0.2096700668334961},"rotation":{"x":0.3679531216621399,"y":0.5313206911087036,"z":-0.2745905816555023,"w":0.7119823098182678},"size":0.7005587816238403,"orthographic":false}