{"cameraMode":{"drawMode":0,"name":"Shaded","section":"Shading Mode"},"sceneLighting":false,"audioPlay":false,"sceneViewState":{"showFog":true,"showMaterialUpdate":false,"showSkybox":false,"showFlares":true,"showImageEffects":true,"showParticleSystems":true,"showVisualEffectGraphs":true,"m_FxEnabled":true},"in2DMode":false,"pivot":{"x":-0.1101897656917572,"y":0.24854709208011628,"z":0.0659552812576294},"rotation":{"x":0.24746878445148469,"y":0.510442852973938,"z":-0.15622271597385407,"w":0.8085859417915344},"size":0.34838229417800906,"orthographic":false}