{"cameraMode":{"drawMode":0,"name":"Shaded","section":"Shading Mode"},"sceneLighting":false,"audioPlay":false,"sceneViewState":{"showFog":true,"showMaterialUpdate":false,"showSkybox":false,"showFlares":true,"showImageEffects":true,"showParticleSystems":true,"showVisualEffectGraphs":true,"m_FxEnabled":true},"in2DMode":false,"pivot":{"x":0.4958752691745758,"y":-0.5143685340881348,"z":-0.007301360368728638},"rotation":{"x":0.24195314943790437,"y":0.7578948736190796,"z":-0.4194697141647339,"w":0.437163382768631},"size":1.9005587100982667,"orthographic":false}