{"cameraMode":{"drawMode":0,"name":"Shaded","section":"Shading Mode"},"sceneLighting":false,"audioPlay":false,"sceneViewState":{"showFog":true,"showMaterialUpdate":false,"showSkybox":false,"showFlares":true,"showImageEffects":true,"showParticleSystems":true,"showVisualEffectGraphs":true,"m_FxEnabled":true},"in2DMode":false,"pivot":{"x":-0.20479899644851685,"y":0.17784357070922852,"z":-0.09640762209892273},"rotation":{"x":0.33313125371932986,"y":0.2543151378631592,"z":-0.09381300956010819,"w":0.9030791521072388},"size":1.7660253047943116,"orthographic":false}