{"cameraMode":{"drawMode":0,"name":"Shaded","section":"Shading Mode"},"sceneLighting":false,"audioPlay":false,"sceneViewState":{"showFog":true,"showMaterialUpdate":false,"showSkybox":false,"showFlares":true,"showImageEffects":true,"showParticleSystems":true,"showVisualEffectGraphs":true,"m_FxEnabled":true},"in2DMode":false,"pivot":{"x":0.02905777096748352,"y":0.6982154846191406,"z":-0.30181875824928286},"rotation":{"x":0.22088903188705445,"y":0.6765403747558594,"z":-0.224496990442276,"w":0.6656652688980103},"size":0.9066454768180847,"orthographic":false}