{"cameraMode":{"drawMode":0,"name":"Shaded","section":"Shading Mode"},"sceneLighting":false,"audioPlay":false,"sceneViewState":{"showFog":true,"showMaterialUpdate":false,"showSkybox":false,"showFlares":true,"showImageEffects":true,"showParticleSystems":true,"showVisualEffectGraphs":true,"m_FxEnabled":true},"in2DMode":false,"pivot":{"x":-0.047761619091033939,"y":0.6986833214759827,"z":0.6768552660942078},"rotation":{"x":0.3315710425376892,"y":0.2288544774055481,"z":-0.08325295150279999,"w":0.9114604592323303},"size":1.1660254001617432,"orthographic":false}