{"cameraMode":{"drawMode":0,"name":"Shaded","section":"Shading Mode"},"sceneLighting":false,"audioPlay":false,"sceneViewState":{"showFog":true,"showMaterialUpdate":false,"showSkybox":false,"showFlares":true,"showImageEffects":true,"showParticleSystems":true,"showVisualEffectGraphs":true,"m_FxEnabled":true},"in2DMode":false,"pivot":{"x":0.249999538064003,"y":0.009739796631038189,"z":0.4999999701976776},"rotation":{"x":0.3570733368396759,"y":0.2349795699119568,"z":-0.09331124275922775,"w":0.8992143869400024},"size":0.5591015815734863,"orthographic":false}