{"cameraMode":{"drawMode":0,"name":"Shaded","section":"Shading Mode"},"sceneLighting":false,"audioPlay":false,"sceneViewState":{"showFog":true,"showMaterialUpdate":false,"showSkybox":false,"showFlares":true,"showImageEffects":true,"showParticleSystems":true,"showVisualEffectGraphs":true,"m_FxEnabled":true},"in2DMode":false,"pivot":{"x":-0.000003039836883544922,"y":1.5064818859100342,"z":-0.5188915133476257},"rotation":{"x":0.3570733368396759,"y":0.2349795699119568,"z":-0.09331124275922775,"w":0.8992143869400024},"size":1.0001401901245118,"orthographic":false}