{"cameraMode":{"drawMode":0,"name":"Shaded","section":"Shading Mode"},"sceneLighting":false,"audioPlay":false,"sceneViewState":{"showFog":true,"showMaterialUpdate":false,"showSkybox":false,"showFlares":true,"showImageEffects":true,"showParticleSystems":true,"showVisualEffectGraphs":true,"m_FxEnabled":true},"in2DMode":false,"pivot":{"x":-1.7881393432617188e-7,"y":0.16560134291648866,"z":-0.00000864267349243164},"rotation":{"x":0.40186163783073428,"y":0.40546342730522158,"z":-0.20494477450847627,"w":0.7950559854507446},"size":0.9710994958877564,"orthographic":false}