{"cameraMode":{"drawMode":0,"name":"Shaded","section":"Shading Mode"},"sceneLighting":false,"audioPlay":false,"sceneViewState":{"showFog":true,"showMaterialUpdate":false,"showSkybox":false,"showFlares":true,"showImageEffects":true,"showParticleSystems":true,"showVisualEffectGraphs":true,"m_FxEnabled":true},"in2DMode":false,"pivot":{"x":0.7499995827674866,"y":0.03859264403581619,"z":-1.9999991655349732},"rotation":{"x":0.3570733368396759,"y":0.2349795699119568,"z":-0.09331124275922775,"w":0.8992143869400024},"size":2.2364001274108888,"orthographic":false}