{"cameraMode":{"drawMode":0,"name":"Shaded","section":"Shading Mode"},"sceneLighting":false,"audioPlay":false,"sceneViewState":{"showFog":true,"showMaterialUpdate":false,"showSkybox":false,"showFlares":true,"showImageEffects":true,"showParticleSystems":true,"showVisualEffectGraphs":true,"m_FxEnabled":true},"in2DMode":false,"pivot":{"x":-0.07644039392471314,"y":0.1428404450416565,"z":-0.017911791801452638},"rotation":{"x":0.4021855890750885,"y":0.1825900822877884,"z":-0.08219995349645615,"w":0.8933985829353333},"size":1.5707283020019532,"orthographic":false}