{"cameraMode":{"drawMode":0,"name":"Shaded","section":"Shading Mode"},"sceneLighting":false,"audioPlay":false,"sceneViewState":{"showFog":true,"showMaterialUpdate":false,"showSkybox":false,"showFlares":true,"showImageEffects":true,"showParticleSystems":true,"showVisualEffectGraphs":true,"m_FxEnabled":true},"in2DMode":false,"pivot":{"x":-1.7881393432617188e-7,"y":0.26766276359558108,"z":-0.00000864267349243164},"rotation":{"x":0.3679531216621399,"y":0.5313206911087036,"z":-0.2745905816555023,"w":0.7119823098182678},"size":1.0437026023864747,"orthographic":false}