{"cameraMode":{"drawMode":0,"name":"Shaded","section":"Shading Mode"},"sceneLighting":false,"audioPlay":false,"sceneViewState":{"showFog":true,"showMaterialUpdate":false,"showSkybox":false,"showFlares":true,"showImageEffects":true,"showParticleSystems":true,"showVisualEffectGraphs":true,"m_FxEnabled":true},"in2DMode":false,"pivot":{"x":0.49999862909317019,"y":0.009739789180457592,"z":0.49999985098838808},"rotation":{"x":0.3570733368396759,"y":0.2349795699119568,"z":-0.09331124275922775,"w":0.8992143869400024},"size":0.707173228263855,"orthographic":false}