{"cameraMode":{"drawMode":0,"name":"Shaded","section":"Shading Mode"},"sceneLighting":false,"audioPlay":false,"sceneViewState":{"showFog":true,"showMaterialUpdate":false,"showSkybox":false,"showFlares":true,"showImageEffects":true,"showParticleSystems":true,"showVisualEffectGraphs":true,"m_FxEnabled":true},"in2DMode":false,"pivot":{"x":-0.000474780797958374,"y":0.03340080752968788,"z":0.00400804728269577},"rotation":{"x":0.44123944640159609,"y":-0.11918541043996811,"z":0.05925777181982994,"w":0.8874644041061401},"size":0.31061264872550967,"orthographic":false}