{"cameraMode":{"drawMode":0,"name":"Shaded","section":"Shading Mode"},"sceneLighting":false,"audioPlay":false,"sceneViewState":{"showFog":true,"showMaterialUpdate":false,"showSkybox":false,"showFlares":true,"showImageEffects":true,"showParticleSystems":true,"showVisualEffectGraphs":true,"m_FxEnabled":true},"in2DMode":false,"pivot":{"x":-0.000474780797958374,"y":0.1334008127450943,"z":0.00400804728269577},"rotation":{"x":0.41903552412986758,"y":0.11121779680252075,"z":-0.051803410053253177,"w":0.8996450304985046},"size":3.9106123447418215,"orthographic":false}