{"cameraMode":{"drawMode":0,"name":"Shaded","section":"Shading Mode"},"sceneLighting":false,"audioPlay":false,"sceneViewState":{"showFog":true,"showMaterialUpdate":false,"showSkybox":false,"showFlares":true,"showImageEffects":true,"showParticleSystems":true,"showVisualEffectGraphs":true,"m_FxEnabled":true},"in2DMode":false,"pivot":{"x":9.125493049621582,"y":2.3276572227478029,"z":9.633430480957032},"rotation":{"x":0.6168162822723389,"y":-0.0075568268075585369,"z":0.00591985322535038,"w":0.7870562076568604},"size":2.1834521293640138,"orthographic":false}