{"cameraMode":{"drawMode":0,"name":"Shaded","section":"Shading Mode"},"sceneLighting":false,"audioPlay":false,"sceneViewState":{"showFog":true,"showMaterialUpdate":false,"showSkybox":false,"showFlares":true,"showImageEffects":true,"showParticleSystems":true,"showVisualEffectGraphs":true,"m_FxEnabled":true},"in2DMode":false,"pivot":{"x":-0.4385400116443634,"y":0.18974608182907105,"z":0.05671876668930054},"rotation":{"x":-0.5805847644805908,"y":0.026122326031327249,"z":-0.01864173449575901,"w":-0.8135736584663391},"size":2.9017295837402345,"orthographic":false}