{"cameraMode":{"drawMode":0,"name":"Shaded","section":"Shading Mode"},"sceneLighting":false,"audioPlay":false,"sceneViewState":{"showFog":true,"showMaterialUpdate":false,"showSkybox":false,"showFlares":true,"showImageEffects":true,"showParticleSystems":true,"showVisualEffectGraphs":true,"m_FxEnabled":true},"in2DMode":false,"pivot":{"x":6.951254367828369,"y":-2.9271087646484377,"z":10.860278129577637},"rotation":{"x":0.6168162822723389,"y":-0.0075568268075585369,"z":0.00591985322535038,"w":0.7870562076568604},"size":5.7122087478637699,"orthographic":false}