{"cameraMode":{"drawMode":0,"name":"Shaded","section":"Shading Mode"},"sceneLighting":false,"audioPlay":false,"sceneViewState":{"showFog":true,"showMaterialUpdate":false,"showSkybox":false,"showFlares":true,"showImageEffects":true,"showParticleSystems":true,"showVisualEffectGraphs":true,"m_FxEnabled":true},"in2DMode":false,"pivot":{"x":8.048269271850586,"y":0.25052428245544436,"z":4.669075965881348},"rotation":{"x":-0.5805847644805908,"y":0.026122326031327249,"z":-0.01864173449575901,"w":-0.8135736584663391},"size":1.9732050895690919,"orthographic":false}