{"cameraMode":{"drawMode":0,"name":"Shaded","section":"Shading Mode"},"sceneLighting":false,"audioPlay":false,"sceneViewState":{"showFog":true,"showMaterialUpdate":false,"showSkybox":false,"showFlares":true,"showImageEffects":true,"showParticleSystems":true,"showVisualEffectGraphs":true,"m_FxEnabled":true},"in2DMode":false,"pivot":{"x":7.086671352386475,"y":2.7484846115112306,"z":11.303997993469239},"rotation":{"x":0.6168162822723389,"y":-0.0075568268075585369,"z":0.00591985322535038,"w":0.7870562076568604},"size":2.1126301288604738,"orthographic":false}