{"cameraMode":{"drawMode":0,"name":"Shaded","section":"Shading Mode"},"sceneLighting":false,"audioPlay":false,"sceneViewState":{"showFog":true,"showMaterialUpdate":false,"showSkybox":false,"showFlares":true,"showImageEffects":true,"showParticleSystems":true,"showVisualEffectGraphs":true,"m_FxEnabled":true},"in2DMode":false,"pivot":{"x":8.103553771972657,"y":0.041749972850084308,"z":7.512046813964844},"rotation":{"x":0.33313125371932986,"y":0.2543151378631592,"z":-0.09381300956010819,"w":0.9030791521072388},"size":2.0019912719726564,"orthographic":false}