{"cameraMode":{"drawMode":0,"name":"Shaded","section":"Shading Mode"},"sceneLighting":false,"audioPlay":false,"sceneViewState":{"showFog":true,"showMaterialUpdate":false,"showSkybox":false,"showFlares":true,"showImageEffects":true,"showParticleSystems":true,"showVisualEffectGraphs":true,"m_FxEnabled":true},"in2DMode":false,"pivot":{"x":-0.07666125893592835,"y":-1.4431347846984864,"z":0.8407177925109863},"rotation":{"x":0.3918667435646057,"y":0.20957635343074799,"z":-0.09216441214084625,"w":0.8910818099975586},"size":4.009613037109375,"orthographic":false}