{"cameraMode":{"drawMode":0,"name":"Shaded","section":"Shading Mode"},"sceneLighting":false,"audioPlay":false,"sceneViewState":{"showFog":true,"showMaterialUpdate":false,"showSkybox":false,"showFlares":true,"showImageEffects":true,"showParticleSystems":true,"showVisualEffectGraphs":true,"m_FxEnabled":true},"in2DMode":false,"pivot":{"x":-0.5131123065948486,"y":-0.2138659656047821,"z":0.43170738220214846},"rotation":{"x":0.41553765535354617,"y":-0.4101395905017853,"z":0.2179199904203415,"w":0.7820674777030945},"size":1.8138957023620606,"orthographic":false}