{"cameraMode":{"drawMode":0,"name":"Shaded","section":"Shading Mode"},"sceneLighting":false,"audioPlay":false,"sceneViewState":{"showFog":true,"showMaterialUpdate":false,"showSkybox":false,"showFlares":true,"showImageEffects":true,"showParticleSystems":true,"showVisualEffectGraphs":true,"m_FxEnabled":true},"in2DMode":false,"pivot":{"x":-0.7777189016342163,"y":-0.043905824422836307,"z":0.9063757061958313},"rotation":{"x":0.3433455526828766,"y":-0.11790118366479874,"z":0.043491046875715259,"w":0.9307683706283569},"size":1.5138957500457764,"orthographic":false}