{"cameraMode":{"drawMode":0,"name":"Shaded","section":"Shading Mode"},"sceneLighting":false,"audioPlay":false,"sceneViewState":{"showFog":true,"showMaterialUpdate":false,"showSkybox":false,"showFlares":true,"showImageEffects":true,"showParticleSystems":true,"showVisualEffectGraphs":true,"m_FxEnabled":true},"in2DMode":false,"pivot":{"x":1.086735486984253,"y":1.2131378650665284,"z":0.24510431289672852},"rotation":{"x":0.2215907722711563,"y":0.2581848204135895,"z":-0.060968901962041858,"w":0.9383625388145447},"size":2.8000850677490236,"orthographic":false}