{"cameraMode":{"drawMode":0,"name":"Shaded","section":"Shading Mode"},"sceneLighting":false,"audioPlay":false,"sceneViewState":{"showFog":true,"showMaterialUpdate":false,"showSkybox":false,"showFlares":true,"showImageEffects":true,"showParticleSystems":true,"showVisualEffectGraphs":true,"m_FxEnabled":true},"in2DMode":false,"pivot":{"x":-0.34740301966667178,"y":-0.4232942759990692,"z":0.17272880673408509},"rotation":{"x":0.20843566954135896,"y":-0.7760478258132935,"z":0.32390594482421877,"w":0.4993910789489746},"size":1.4548161029815674,"orthographic":false}