{"cameraMode":{"drawMode":0,"name":"Shaded","section":"Shading Mode"},"sceneLighting":false,"audioPlay":false,"sceneViewState":{"showFog":true,"showMaterialUpdate":false,"showSkybox":false,"showFlares":true,"showImageEffects":true,"showParticleSystems":true,"showVisualEffectGraphs":true,"m_FxEnabled":true},"in2DMode":false,"pivot":{"x":0.10087063908576966,"y":0.1583223044872284,"z":0.023106537759304048},"rotation":{"x":0.21211612224578858,"y":-0.49816620349884035,"z":0.12714797258377076,"w":0.8310670852661133},"size":0.5548161268234253,"orthographic":false}