{"cameraMode":{"drawMode":0,"name":"Shaded","section":"Shading Mode"},"sceneLighting":false,"audioPlay":false,"sceneViewState":{"showFog":true,"showMaterialUpdate":false,"showSkybox":false,"showFlares":true,"showImageEffects":true,"showParticleSystems":true,"showVisualEffectGraphs":true,"m_FxEnabled":true},"in2DMode":false,"pivot":{"x":0.2056991457939148,"y":-0.27652326226234438,"z":0.8667440414428711},"rotation":{"x":0.3479761779308319,"y":-0.02052663080394268,"z":0.007621205877512693,"w":0.9372491240501404},"size":1.4788753986358643,"orthographic":false}