{"cameraMode":{"drawMode":0,"name":"Shaded","section":"Shading Mode"},"sceneLighting":false,"audioPlay":false,"sceneViewState":{"showFog":true,"showMaterialUpdate":false,"showSkybox":false,"showFlares":true,"showImageEffects":true,"showParticleSystems":true,"showVisualEffectGraphs":true,"m_FxEnabled":true},"in2DMode":false,"pivot":{"x":-0.1035534143447876,"y":0.012500002980232239,"z":0.6035533547401428},"rotation":{"x":-0.14816458523273469,"y":-0.8499471545219421,"z":0.3254642188549042,"w":-0.38693127036094668},"size":2.296292781829834,"orthographic":true}