{"cameraMode":{"drawMode":0,"name":"Shaded","section":"Shading Mode"},"sceneLighting":false,"audioPlay":false,"sceneViewState":{"showFog":true,"showMaterialUpdate":false,"showSkybox":false,"showFlares":true,"showImageEffects":true,"showParticleSystems":true,"showVisualEffectGraphs":true,"m_FxEnabled":true},"in2DMode":false,"pivot":{"x":0.23527908325195313,"y":-0.05439937114715576,"z":0.16971677541732789},"rotation":{"x":0.49879756569862368,"y":-0.4996959865093231,"z":0.4725663959980011,"w":0.5274364352226257},"size":0.8622053861618042,"orthographic":false}