{"cameraMode":{"drawMode":0,"name":"Shaded","section":"Shading Mode"},"sceneLighting":false,"audioPlay":false,"sceneViewState":{"showFog":true,"showMaterialUpdate":false,"showSkybox":false,"showFlares":true,"showImageEffects":true,"showParticleSystems":true,"showVisualEffectGraphs":true,"m_FxEnabled":true},"in2DMode":false,"pivot":{"x":-0.009181030094623566,"y":0.046660639345645908,"z":-0.002731233835220337},"rotation":{"x":0.3679531216621399,"y":0.5313206911087036,"z":-0.2745905816555023,"w":0.7119823098182678},"size":0.13472941517829896,"orthographic":false}