{"cameraMode":{"drawMode":0,"name":"Shaded","section":"Shading Mode"},"sceneLighting":false,"audioPlay":false,"sceneViewState":{"showFog":true,"showMaterialUpdate":false,"showSkybox":false,"showFlares":true,"showImageEffects":true,"showParticleSystems":true,"showVisualEffectGraphs":true,"m_FxEnabled":true},"in2DMode":false,"pivot":{"x":0.005646318197250366,"y":-0.1440245509147644,"z":-0.04836273193359375},"rotation":{"x":0.3570733368396759,"y":0.2349795699119568,"z":-0.09331124275922775,"w":0.8992143869400024},"size":2.691412925720215,"orthographic":false}