{"cameraMode":{"drawMode":0,"name":"Shaded","section":"Shading Mode"},"sceneLighting":false,"audioPlay":false,"sceneViewState":{"showFog":true,"showMaterialUpdate":false,"showSkybox":false,"showFlares":true,"showImageEffects":true,"showParticleSystems":true,"showVisualEffectGraphs":true,"m_FxEnabled":true},"in2DMode":false,"pivot":{"x":-0.46300894021987917,"y":-0.19087910652160645,"z":0.6378188133239746},"rotation":{"x":0.49070751667022707,"y":-0.01646452769637108,"z":0.009274614974856377,"w":0.8711238503456116},"size":1.8247687816619874,"orthographic":false}