{"cameraMode":{"drawMode":0,"name":"Shaded","section":"Shading Mode"},"sceneLighting":false,"audioPlay":false,"sceneViewState":{"showFog":true,"showMaterialUpdate":false,"showSkybox":false,"showFlares":true,"showImageEffects":true,"showParticleSystems":true,"showVisualEffectGraphs":true,"m_FxEnabled":true},"in2DMode":false,"pivot":{"x":-0.15788736939430238,"y":-0.08513259887695313,"z":-0.12379133701324463},"rotation":{"x":0.4713822603225708,"y":0.039661988615989688,"z":-0.02122710645198822,"w":0.8807838559150696},"size":1.7557294368743897,"orthographic":false}