{"cameraMode":{"drawMode":0,"name":"Shaded","section":"Shading Mode"},"sceneLighting":false,"audioPlay":false,"sceneViewState":{"showFog":true,"showMaterialUpdate":false,"showSkybox":false,"showFlares":true,"showImageEffects":true,"showParticleSystems":true,"showVisualEffectGraphs":true,"m_FxEnabled":true},"in2DMode":false,"pivot":{"x":0.42485547065734866,"y":0.23017993569374085,"z":0.12468588352203369},"rotation":{"x":0.28367096185684206,"y":-0.23508809506893159,"z":0.07194942981004715,"w":0.9268704652786255},"size":0.33166247606277468,"orthographic":false}