{"cameraMode":{"drawMode":0,"name":"Shaded","section":"Shading Mode"},"sceneLighting":false,"audioPlay":false,"sceneViewState":{"showFog":true,"showMaterialUpdate":false,"showSkybox":false,"showFlares":true,"showImageEffects":true,"showParticleSystems":true,"showVisualEffectGraphs":true,"m_FxEnabled":true},"in2DMode":false,"pivot":{"x":-0.43992185592651369,"y":-0.7176254391670227,"z":0.693352222442627},"rotation":{"x":0.022869562730193139,"y":0.8379076719284058,"z":-0.5441935062408447,"w":0.03521285951137543},"size":1.1628756523132325,"orthographic":false}