{"cameraMode":{"drawMode":0,"name":"Shaded","section":"Shading Mode"},"sceneLighting":false,"audioPlay":false,"sceneViewState":{"showFog":true,"showMaterialUpdate":false,"showSkybox":false,"showFlares":true,"showImageEffects":true,"showParticleSystems":true,"showVisualEffectGraphs":true,"m_FxEnabled":true},"in2DMode":false,"pivot":{"x":-0.4010850787162781,"y":0.7805389165878296,"z":-0.14570343494415284},"rotation":{"x":0.01797056756913662,"y":0.9817414879798889,"z":-0.1453646719455719,"w":0.12136690318584442},"size":1.4628756046295167,"orthographic":false}