{"cameraMode":{"drawMode":0,"name":"Shaded","section":"Shading Mode"},"sceneLighting":false,"audioPlay":false,"sceneViewState":{"showFog":true,"showMaterialUpdate":false,"showSkybox":false,"showFlares":true,"showImageEffects":true,"showParticleSystems":true,"showVisualEffectGraphs":true,"m_FxEnabled":true},"in2DMode":false,"pivot":{"x":0.03832131624221802,"y":-0.15626610815525056,"z":0.11224095523357392},"rotation":{"x":0.03726024180650711,"y":0.8920350670814514,"z":-0.4441819489002228,"w":0.07483420521020889},"size":0.5369992256164551,"orthographic":false}